"Arquivo","AntesMB","DepoisMB","EconomiaPct","Status"
"public\assets\hero-coracoes.jpg","0,095","0,057","40,1","convertido"
"public\assets\juju-crianca.jpg","0,096","0,1","-4,4","mantido: economia < 8%"
"public\assets\jujucarnaval02.jpeg","0,159","0,087","45,2","convertido"
"public\assets\jujucasamento.jpg","0,163","0,09","44,8","convertido"
"public\assets\jujuformatura.jpeg","0,125","0,096","23,5","convertido"
"public\assets\titulo-abertura.png","0,497","0,201","59,6","convertido"
"public\assets\ato-2\gym-1.jpg","0,075","0,061","18,8","convertido"
"public\assets\ato-2\gym-2.jpg","0,237","0,188","20,5","convertido"
"public\assets\ato-2\gym-3.jpg","0,16","0,102","36,6","convertido"
"public\assets\ato-2\gym-4.jpg","0,132","0,125","5,1","mantido: economia < 8%"
"public\assets\ato-2\rotina-1.jpeg","0,136","0,077","43,7","convertido"
"public\assets\ato-2\rotina-2.jpeg","0,134","0,076","43,5","convertido"
"public\assets\ato-2\rotina-3.jpeg","0,096","0,08","16,5","convertido"
"public\assets\ato-2\rotina-4.jpeg","0,104","0,083","20,1","convertido"
"public\assets\ato-2\skin.jpg","0,095","0,082","14,1","convertido"
"public\assets\ato-2\smile-1.jpg","0,111","0,111","0,1","mantido: economia < 8%"
"public\assets\ato-2\smile-2.jpeg","0,393","0,359","8,7","convertido"
"public\assets\ato-2\smile-3.jpeg","0,209","0,235","-12,2","mantido: economia < 8%"
"public\assets\ato-2\smile-4.jpeg","0,176","0,116","34,1","convertido"
"public\assets\ato-2\style-1.jpg","0,092","0,08","13,5","convertido"
"public\assets\ato-2\style-2.jpeg","0,154","0,094","39","convertido"
"public\assets\ato-2\style-3.jpeg","0,19","0,133","30","convertido"
"public\assets\ato-2\style-4.jpeg","0,1","0,084","16,2","convertido"
"public\assets\ato-2\work-1.jpg","0,371","0,349","6","mantido: economia < 8%"
"public\assets\ato-2\work-2.jpeg","0,124","0,07","43,1","convertido"
"public\assets\ato-2\work-3.jpeg","0,189","0,156","17,4","convertido"
"public\assets\ato-2\work-4.jpg","0,219","0,16","26,9","convertido"
"public\assets\love-scene\kit\amoseusorriso.png","1,766","0,278","84,3","convertido"
"public\assets\love-scene\kit\anatomico.png","1,907","0,474","75,2","convertido"
"public\assets\love-scene\kit\angel-01.png","0,114","0,034","70","convertido"
"public\assets\love-scene\kit\angel-02.png","0,129","0,039","70,1","convertido"
"public\assets\love-scene\kit\bear-01.png","0,125","0,031","75,6","convertido"
"public\assets\love-scene\kit\carta-01.png","0,084","0,017","79,4","convertido"
"public\assets\love-scene\kit\carta.png","1,419","0,283","80,1","convertido"
"public\assets\love-scene\kit\chave.png","0,81","0,235","71","convertido"
"public\assets\love-scene\kit\colar.png","1,044","0,265","74,7","convertido"
"public\assets\love-scene\kit\flor-01.png","3,531","0,362","89,8","convertido"
"public\assets\love-scene\kit\kiss-01.png","0,028","0,011","59,7","convertido"
"public\assets\love-scene\kit\laco-01.png","0,142","0,036","74,9","convertido"
"public\assets\love-scene\kit\laco-02.png","0,05","0,016","68,3","convertido"
"public\assets\love-scene\kit\laco-03.png","0,103","0,033","67,7","convertido"
"public\assets\love-scene\kit\lolipop.png","0,746","0,202","73","convertido"
"public\assets\love-scene\kit\lovesongstape.png","0,1","0,023","76,7","convertido"
"public\assets\love-scene\kit\miniheart-02.png","0,013","","","mantido: pequeno"
"public\assets\love-scene\kit\miniheart.png","0,016","","","mantido: pequeno"
"public\assets\love-scene\kit\pessoafavorita.png","0,578","0,143","75,2","convertido"
"public\assets\love-scene\kit\ribbon-01.png","0,06","0,014","76,3","convertido"
"public\assets\love-scene\kit\rosa.png","0,617","0,169","72,5","convertido"
"public\assets\love-scene\kit\selo-01.png","0,079","0,019","75,9","convertido"
"public\assets\love-scene\kit\selo-02.png","0,085","0,021","75,6","convertido"
"public\assets\love-scene\kit\tape-01.png","0,074","0,019","74,6","convertido"
"public\assets\love-scene\kit\tape-02.png","0,1","0,025","75,2","convertido"
"public\assets\love-scene\kit\tape-03.png","0,072","0,017","76,9","convertido"
"public\assets\love-scene\kit\tape-04.png","0,068","0,016","77,3","convertido"
"public\assets\love-scene\kit\tape-05.png","0,065","0,016","75","convertido"
"public\assets\love-scene\kit\tape-06.png","0,069","0,019","73","convertido"
"public\assets\love-scene\kit\youaremysunshine.png","0,052","0,014","72,5","convertido"
"public\assets\love-scene-academia\kit\cat-01.png","0,063","0,008","86,7","convertido"
"public\assets\love-scene-academia\kit\cat-02.png","0,045","0,007","84,6","convertido"
"public\assets\love-scene-academia\kit\cat-03.png","0,061","0,011","82,1","convertido"
"public\assets\love-scene-academia\kit\cat-04.png","0,076","0,01","86,5","convertido"
"public\assets\love-scene-academia\kit\cat-05.png","0,041","0,006","84,3","convertido"
"public\assets\love-scene-academia\kit\cat-06.png","0,072","0,011","84,7","convertido"
"public\assets\love-scene-academia\kit\cat-07.png","0,383","0,046","88,1","convertido"
"public\assets\love-scene-academia\kit\dog01.png","0,085","0,011","86,6","convertido"
"public\assets\love-scene-academia\kit\fire.png","0,04","0,008","79,5","convertido"
"public\assets\love-scene-academia\kit\garrafa.png","0,048","0,011","76,9","convertido"
"public\assets\love-scene-academia\kit\halter01.jpg","0,16","0,138","14,1","convertido"
"public\assets\love-scene-academia\kit\halter02.png","0,057","0,014","75,9","convertido"
"public\assets\love-scene-academia\kit\heart.png","0,015","","","mantido: pequeno"
"public\assets\love-scene-academia\kit\heart2.png","0,036","0,008","77,4","convertido"
"public\assets\love-scene-academia\kit\luva.png","0,076","0,015","79,8","convertido"
"public\assets\love-scene-academia\kit\rat01.png","0,063","0,01","84,3","convertido"
"public\assets\love-scene-academia\kit\rat02.png","0,059","0,009","85,4","convertido"
"public\assets\love-scene-academia\kit\rat03.png","0,063","0,008","86,6","convertido"
"public\assets\love-scene-academia\kit\rat04.png","0,058","0,008","85,7","convertido"
"public\assets\love-scene-academia\kit\rat05.png","0,055","0,008","85,7","convertido"
"public\assets\love-scene-academia\kit\tapago.png","0,818","0,139","83,1","convertido"
"public\assets\love-scene-academia\kit\trofeu.jpg","0,157","0,131","16,5","convertido"
"public\assets\love-scene-academia\kit\vceumsabor.png","1,969","0,184","90,6","convertido"
"public\assets\love-scene-estilo\kit\amocomovc-estilosa.png","1,483","0,351","76,3","convertido"
"public\assets\love-scene-estilo\kit\boca.png","0,171","0,036","78,9","convertido"
"public\assets\love-scene-estilo\kit\boca02.png","0,384","0,049","87,1","convertido"
"public\assets\love-scene-estilo\kit\botas-02.png","0,382","0,063","83,5","convertido"
"public\assets\love-scene-estilo\kit\botas.png","0,063","0,015","75,7","convertido"
"public\assets\love-scene-estilo\kit\camera.png","0,575","0,114","80,1","convertido"
"public\assets\love-scene-estilo\kit\cantoinferiordireito.png","0,27","0,049","81,7","convertido"
"public\assets\love-scene-estilo\kit\catfashion.png","0,125","0,024","80,9","convertido"
"public\assets\love-scene-estilo\kit\channel.png","0,596","0,11","81,6","convertido"
"public\assets\love-scene-estilo\kit\cinema.jpg","0,133","0,117","11,6","convertido"
"public\assets\love-scene-estilo\kit\coke.png","0,407","0,061","85,1","convertido"
"public\assets\love-scene-estilo\kit\coke2.png","0,165","0,024","85,2","convertido"
"public\assets\love-scene-estilo\kit\coracao-01.png","0,078","0,022","72,5","convertido"
"public\assets\love-scene-estilo\kit\coracao-02.png","0,065","0,018","72,7","convertido"
"public\assets\love-scene-estilo\kit\coracao-04.png","0,086","0,023","73","convertido"
"public\assets\love-scene-estilo\kit\dontflash.png","0,319","0,048","84,9","convertido"
"public\assets\love-scene-estilo\kit\ficardecanto-01.png","0,362","0,056","84,6","convertido"
"public\assets\love-scene-estilo\kit\flor-01.png","0,158","0,037","76,5","convertido"
"public\assets\love-scene-estilo\kit\flor-02.png","0,174","0,044","74,6","convertido"
"public\assets\love-scene-estilo\kit\flor-03.png","0,34","0,099","70,9","convertido"
"public\assets\love-scene-estilo\kit\flor-04.png","1,63","0,221","86,4","convertido"
"public\assets\love-scene-estilo\kit\flor-05.png","0,052","0,02","61,2","convertido"
"public\assets\love-scene-estilo\kit\laco-01.png","0,103","0,033","67,7","convertido"
"public\assets\love-scene-estilo\kit\laco-02.png","0,129","0,036","72,6","convertido"
"public\assets\love-scene-estilo\kit\laco-03.png","0,124","0,036","71,1","convertido"
"public\assets\love-scene-estilo\kit\laco-04.png","0,144","0,044","69,8","convertido"
"public\assets\love-scene-estilo\kit\laco-05.png","0,117","0,037","68,1","convertido"
"public\assets\love-scene-estilo\kit\model-01.png","0,404","0,09","77,8","convertido"
"public\assets\love-scene-estilo\kit\model-02.png","0,287","0,07","75,7","convertido"
"public\assets\love-scene-estilo\kit\model-03.png","1,121","0,233","79,2","convertido"
"public\assets\love-scene-estilo\kit\model-04.png","0,244","0,048","80,3","convertido"
"public\assets\love-scene-estilo\kit\model-05.png","0,265","0,049","81,3","convertido"
"public\assets\love-scene-estilo\kit\model-06.png","0,303","0,036","88,2","convertido"
"public\assets\love-scene-estilo\kit\pin.png","0,194","0,029","84,9","convertido"
"public\assets\love-scene-estilo\kit\prada.png","0,9","0,083","90,7","convertido"
"public\assets\love-scene-estilo\kit\relogio.png","0,626","0,131","79","convertido"
"public\assets\love-scene-estilo\kit\revistas.png","1,836","0,28","84,7","convertido"
"public\assets\love-scene-estilo\kit\styleicon.png","0,022","0,003","84,7","convertido"
"public\assets\love-scene-estilo\kit\teamo.png","0,158","0,033","79,3","convertido"
"public\assets\love-scene-estilo\kit\tiger.png","0,892","0,118","86,8","convertido"
"public\assets\love-scene-estilo\kit\tiger02.png","0,214","0,035","83,4","convertido"
"public\assets\love-scene-estilo\kit\vcdeixatudomaisbonito.png","0,257","0,054","79,1","convertido"
"public\assets\love-scene-estilo\kit\vogue.png","0,613","0,089","85,4","convertido"
"public\assets\love-scene-estilo\kit\vogue02.png","0,428","0,069","83,8","convertido"
"public\assets\romance\trabalho-frase-01-user.png","0,24","0,118","50,7","convertido"
"public\assets\romance\trabalho-frase-02-user.png","0,173","0,082","52,6","convertido"
"public\assets\romance\trabalho-frase-03-user.png","0,181","0,084","53,5","convertido"
"public\assets\rotina\fundo-carta-mobile.png","2,552","0,268","89,5","convertido"
"public\assets\rotina\fundo-carta-painel.png","2,524","0,252","90","convertido"
"public\assets\rotina\rotina-01.jpeg","0,136","0,077","43,7","convertido"
"public\assets\rotina\rotina-02.jpeg","0,136","0,086","36,6","convertido"
"public\assets\rotina\rotina-03.jpeg","0,395","0,356","9,9","convertido"
"public\assets\rotina\rotina-04.jpeg","0,218","0,167","23,4","convertido"
"public\assets\rotina\rotina-05.jpeg","0,21","0,165","21,4","convertido"
"public\assets\rotina\rotina-06.jpeg","0,167","0,116","30,3","convertido"
"public\assets\rotina\rotina-07.jpeg","0,104","0,083","20,1","convertido"
"public\assets\rotina\rotina-08.jpeg","0,231","0,194","15,7","convertido"
"public\assets\rotina\rotina-09.jpg","0,095","0,082","14,1","convertido"
"public\assets\rotina\rotina-10.jpeg","0,079","0,057","28,7","convertido"
"public\assets\rotina\rotina-11.jpeg","0,392","0,357","8,8","convertido"
"public\assets\rotina\rotina-12.jpeg","0,241","0,198","18,1","convertido"
"public\assets\rotina\rotina-13.jpeg","0,222","0,16","28,1","convertido"
"public\assets\rotina\rotina-14.jpeg","0,096","0,08","16,5","convertido"
"public\assets\rotina\rotina-15.jpeg","0,074","0,049","33,6","convertido"
"public\assets\rotina\rotina-16.jpeg","0,134","0,076","43,5","convertido"
"public\assets\rotina\rotina-17.jpeg","0,179","0,119","33,8","convertido"
"public\assets\rotina\rotina-18.jpeg","0,143","0,09","36,9","convertido"
"public\assets\rotina\titulo-toda-hora.png","0,427","0,118","72,4","convertido"
"public\assets\rotina\titulo-todo-dia.png","0,473","0,118","75,1","convertido"
"public\assets\trabalho\trabalho-01.jpg","0,219","0,16","26,9","convertido"
"public\assets\trabalho\trabalho-02.jpg","0,371","0,349","6","mantido: economia < 8%"
"public\assets\trabalho\trabalho-03.jpeg","0,21","0,161","23,3","convertido"
"public\assets\trabalho\trabalho-04.jpeg","0,19","0,149","21,3","convertido"
"public\assets\trabalho\trabalho-05.jpeg","0,189","0,156","17,4","convertido"
"public\assets\trabalho\trabalho-06.jpeg","0,187","0,142","24,4","convertido"
"public\assets\trabalho\trabalho-07.jpeg","0,124","0,07","43,1","convertido"
"public\assets\trabalho\trabalho-08.jpeg","0,242","0,205","15,1","convertido"
"public\assets\trabalho\trabalho-09.jpeg","0,271","0,237","12,4","convertido"
"public\assets\trabalho\trabalho-10.jpeg","0,346","0,307","11,5","convertido"
"public\assets\trabalho\trabalho-11.jpeg","0,105","0,091","13,2","convertido"
"public\assets\trabalho\trabalho-12.jpeg","0,309","0,259","16,1","convertido"
"public\assets\trabalho\trabalho-13.jpeg","0,164","0,119","27,4","convertido"
"public\assets\trabalho\trabalho-14.jpeg","0,193","0,119","38,1","convertido"
"public\assets\trabalho\trabalho-15.jpeg","0,198","0,192","2,9","mantido: economia < 8%"
"public\assets\trabalho\trabalho-16.jpeg","0,087","0,083","4,8","mantido: economia < 8%"
"public\assets\trabalho\trabalho-17.jpeg","0,095","0,094","0,9","mantido: economia < 8%"
"public\assets\trabalho\trabalho-18.jpeg","0,115","0,113","1,4","mantido: economia < 8%"
"public\assets\trabalho\trabalho-19.jpeg","0,102","0,096","5,2","mantido: economia < 8%"
"public\assets\trabalho\trabalho-20.jpeg","0,098","0,087","11,1","convertido"
"public\assets\vivencias\balaofala.png","0,091","0,033","63,9","convertido"
"public\assets\vivencias\fala-final.png","0,065","0,021","66,9","convertido"
